[{"name":"ANIKA SABA IBTE SUM","e-mail":"anikasaba15@gmail.com","username":"anikasaba21","password":"1234567@","gender":"female","day":"2000-01-06","image":"picture.png"},{"name":"Sadia Promi","e-mail":"sadia10@gmail.com","username":"sadia1","password":"123456#a","gender":"female","day":"1998-03-12","image":"11.JPG"},{"name":"Washim Akram","e-mail":"ovi12@gmail.com","username":"ovi123","password":"123abc@#","gender":"male","day":"2000-05-25"},{"name":"ANIKA SABA IBTE SUM","e-mail":"anikasaba15@gmail.com","username":"anikasaba21","password":"1234567@","gender":"female","day":"2000-01-06"}]